K,Istar,N,L,Y,W,R,sL,G,a,I,regime,cost_gap,new_task_margin,epsilonL,LambdaI,productivity,displacement,wage_derivative_formula,wage_derivative_numeric,labor_share_derivative,employment_derivative
0.5,0.15109428215023385,1.0,0.8894260352522985,12.096534416709181,10.758972646546566,5.054448064606683,0.7910786721846187,0.49188719301938627,0.1510942821502339,0.4,cost-minimizing,-3.2018832030189515e-13,4.981954677149642,0.11664553381150772,8.366278056223926,-4.4297898682543756e-13,1.906837327959331,0.0,-5.8175686490358194e-09,-5.1014747981525935e-09,-2.8421709430404003e-09
0.5106254121629646,0.15291357827424273,1.0,0.8881817097874105,12.136646521854498,10.779547458866745,5.018257156942857,0.788866749600931,0.49032444489608945,0.1529135782742428,0.4,cost-minimizing,6.173950239940496e-13,4.945625137490887,0.11802625905264866,8.289919201733364,8.515410598874953e-13,1.9065659280964453,0.0,2.1538326677728037e-09,1.6764367671839862e-09,0.0
0.5214766230931951,0.15474487726585873,1.0,0.8869307861340663,12.177406727815269,10.800516922175511,4.982190281061832,0.7866462193923962,0.48875425516718957,0.15474487726585873,0.4,cost-minimizing,-4.740652315149418e-13,4.909416970477487,0.11941579608309992,8.214937418634483,-6.539213615042173e-13,1.9063061165441653,0.0,3.5305092183079974e-09,3.308464613382966e-09,2.8421709430404003e-09
0.5325584312006274,0.15658811970162329,1.0,0.8856733207618821,12.218823771437656,10.82188622545403,4.9462513536663195,0.7844172311094245,0.4871767259172645,0.15658811970162323,0.4,cost-minimizing,1.559863349598345e-13,4.873334057849077,0.12081410397306093,8.141305760037142,2.1427304375265526e-13,1.906058161534139,0.0,-3.108624468950438e-09,-2.4424906541753444e-09,0.0
0.5438757368653645,0.1584432450982438,1.0,0.8844093702957132,12.26090649571349,10.843660593128845,4.910444202266532,0.7821799342668786,0.4855919599304725,0.1584432450982438,0.4,cost-minimizing,1.1546319456101628e-13,4.837380191913959,0.12222114139261944,8.06899786935465,1.587618925213974e-13,1.9058223319942125,0.0,1.9984014443252818e-09,1.5876189252139736e-09,0.0
0.5554335446046257,0.16031019194388063,1.0,0.8831389914841077,12.303663851743767,10.865845285588943,4.874772564436601,0.7799344782796013,0.4840000606483948,0.16031019194388063,0.4,cost-minimizing,-5.184741524999481e-14,4.801559074802039,0.12363686664078975,7.997987967495822,-7.105427357601003e-14,1.9055988975209994,0.0,-1.021405182655144e-09,-1.3655743202889423e-09,-2.8421709430404003e-09
0.5672369652857469,0.16218889773006995,1.0,0.8818622411680397,12.347104900749617,10.888445599712282,4.839240087197537,0.777681012397942,0.4824011321276112,0.16218889773006995,0.4,cost-minimizing,4.9649173661237e-13,4.765874317844251,0.12506123767512622,7.92825084029534,6.805667140952211e-13,1.905388128357224,0.0,-1.398881011027697e-09,-1.0880185641326534e-09,0.0
0.5792912183862075,0.16407929898355605,1.0,0.8805791762496467,12.391238816128132,10.91146686941927,4.803850326493846,0.7754196856445428,0.480795278997642,0.164079298983556,0.4,cost-minimizing,-1.3367085216486885e-13,4.730329441045422,0.12649421214112894,7.859761826207617,-1.8318679906315088e-13,1.9051902953710536,0.0,1.7097434579227409e-09,1.8984813721090177e-09,2.8421709430404003e-09
0.5916016343016863,0.1659813312972146,1.0,0.8792898536624452,12.436074885569278,10.934914466267053,4.7686067467409075,0.7731506467536983,0.4791826064199564,0.1659813312972146,0.4,cost-minimizing,-3.489430966396867e-13,4.694927872627667,0.12793574740060568,7.792496804287251,-4.773959005888174e-13,1.9050056700351257,0.0,4.1522341120980855e-09,3.2474023470285825e-09,0.0
0.6041736567031641,0.1678949293616115,1.0,0.8779943303408599,12.481622513211045,10.95879380005475,4.733512720488377,0.7708740441107386,0.4775632200467395,0.16789492936161143,0.4,cost-minimizing,1.192379528447418e-13,4.6596729486897015,0.12938580056060353,7.726432182393443,1.6209256159527288e-13,1.9048345244101998,0.0,2.2648549702353193e-09,1.7763568394002503e-09,0.0
0.6170128449441175,0.16982002699592613,1.0,0.8766926631912919,12.527891221857184,10.983110319461508,4.698571528162077,0.7685900256934908,0.4759372259805062,0.16982002699592613,0.4,cost-minimizing,-8.781864124784988e-14,4.624567912944436,0.13084432850160957,7.661544885660136,-1.1990408665951693e-13,1.90467713112968,0.0,7.771561172376095e-10,6.272760089132134e-10,0.0
0.6301248765188667,0.17175655717832844,1.0,0.8753849090632999,12.574890655242852,11.007869512720047,4.663786357880365,0.7662987390157161,0.4743047307344856,0.17175655717832838,0.4,cost-minimizing,4.695133171139787e-13,4.589615916530809,0.13231128790507757,7.5978123452212705,6.383782391594651e-13,1.9045337633849964,0.0,-8.215650382226157e-10,-1.2156942119645464e-09,-2.8421709430404003e-09
0.643515549573167,0.17370445207681057,1.0,0.8740711247208914,12.622630580348256,11.033076908300782,4.629160305378131,0.7640003310708069,0.4726658411929387,0.1737044520768105,0.4,cost-minimizing,3.204103649068202e-13,4.554820017933167,0.13378663528137402,7.53521248715244,4.3520742565306146e-13,1.904404694915394,0.0,6.572520305780926e-09,5.578870698741411e-09,2.8421709430404003e-09
0.6571907854681504,0.17566364307883636,1.0,0.8727513668155826,12.671120889779212,11.058738075639694,4.59469637398847,0.7616949482784267,0.47102066457279174,0.1756636430788363,0.4,cost-minimizing,4.911626660941693e-13,4.520183182958042,0.1352703269964253,7.4737237216786,6.66133814775094e-13,1.9042901999970923,0.0,5.639932965095794e-09,4.29101199017623e-09,0.0
0.6711566313987535,0.17763406082144612,1.0,0.8714256918587129,12.720371604187392,11.084858625878715,4.560397474723807,0.7593827364314222,0.4693693083852107,0.17763406082144617,0.4,cost-minimizing,5.323519403077626e-13,4.485708284810281,0.13676231929876997,7.413324932588444,7.21644966006352e-13,1.9041905534366697,0.0,3.0642155479654316e-09,2.975397705995419e-09,2.8421709430404003e-09
0.6854192630677909,0.1796156352205417,1.0,0.8700941561951838,12.770392874754982,11.111444212641427,4.526266426422334,0.7570638406450432,0.4677118803981913,0.1796156352205417,0.4,cost-minimizing,3.425038030968608e-13,4.4513981042342605,0.13826256834570763,7.353995466892275,4.629630012686904e-13,1.9041060305651114,0.0,6.217248937900876e-09,5.96189764223709e-09,5.684341886080801e-09
0.6999849874168524,0.18160829549999075,1.0,0.8687568159775398,12.821194985731974,11.138500532831552,4.49230595597399,0.7547384053074223,0.46604848859963194,0.1816082954999907,0.4,cost-minimizing,-1.7219559111936178e-13,4.417255329734486,0.13977103022920898,7.29571512469759,-2.331468351712829e-13,1.904036907234379,0.0,6.039613253960851e-09,5.1514348342607255e-09,2.8421709430404003e-09
0.7148602454152359,0.18361197022027553,1.0,0.8674137271405007,12.872788357028258,11.166033327460434,4.458518698615584,0.7524065740317555,0.4643792411611198,0.18361197022027553,0.4,cost-minimizing,4.551914400963142e-15,4.383282557865133,0.1412876610012979,7.238464149306325,6.661338147750941e-15,1.903983459815688,0.0,2.1316282072803006e-09,2.2315482794965646e-09,2.8421709430404003e-09
0.7300516149081457,0.18562658730705128,1.0,0.8660649453762352,12.925183546864314,11.194048382492772,4.424907198305734,0.7500684896095356,0.46270424640212854,0.18562658730705128,0.4,cost-minimizing,-2.262634524186069e-13,4.349482293599299,0.1428124166993187,7.18222321751866,-3.053113317719181e-13,1.903945965200817,0.0,-6.017408793468348e-09,-5.168088179630103e-09,-2.8421709430404003e-09
0.7455658135254197,0.18765207407879464,1.0,0.8647105261104309,12.978391254481568,11.222551529729966,4.391473908152466,0.7477242939661911,0.4610236127553125,0.18765207407879458,0.4,cost-minimizing,-3.5138558729386205e-13,4.315856950750639,0.14434525337020293,7.1269734301622645,-4.718447854656916e-13,1.9039247008038311,0.0,-3.885780586188048e-09,-2.9143354396410355e-09,0.0
0.761409701652067,0.1896883572744525,1.0,0.8633505244787023,13.032422322908381,11.251548647710212,4.358221190917402,0.7453741281176048,0.4593374487321375,0.18968835727445255,0.4,cost-minimizing,7.838174553853605e-14,4.282408852471499,0.14588612709471663,7.072696302816335,1.0436096431476474e-13,1.9039199445660853,0.0,4.3298697960381105e-09,3.8968828164342995e-09,2.8421709430404003e-09
0.7775902854619333,0.19173536308063543,1.0,0.8619849953034013,13.0872877417827,11.281045662635563,4.325151319580076,0.7430181321282536,0.4576458628892314,0.19173536308063543,0.4,cost-minimizing,6.107336858462986e-13,4.2491402318109746,0.14743499401120247,7.019373756739699,8.182343691487406e-13,1.9039319749630828,0.0,-3.863576125695545e-09,-2.8643754035329035e-09,0.0
0.7941147200158342,0.19379301715826663,1.0,0.860613993071843,13.142998650243708,11.311048549323758,4.292266477962714,0.7406564450710411,0.45594896379552713,0.1937930171582667,0.4,cost-minimizing,-5.392353230604385e-13,4.216053232333288,0.1489918103387566,6.966988110000742,-7.21644966006352e-13,1.9039610710132484,0.0,-2.398081733190338e-09,-1.7763568394002503e-09,0.0
0.8109903124255251,0.19586124466831994,1.0,0.8592375719144809,13.199566339876984,11.341563332200044,4.25956876139669,0.7382892049894949,0.45424686000049624,0.1958612446683199,0.4,cost-minimizing,4.410916076835747e-13,4.183149908777556,0.15055653239938674,6.9155220688137105,5.895284260759582e-13,1.9040075122870164,0.0,9.769962616701378e-10,7.38298311375729e-10,0.0
0.8282245250849105,0.19793997029855914,1.0,0.8578557855834748,13.257002257718412,11.37259608627751,4.227060177483092,0.7359165488590783,0.4525396600019013,0.19793997029855914,0.4,cost-minimizing,3.0186964039558006e-13,4.150432227811748,0.1521291166412862,6.864958719029439,4.030109579389319e-13,1.904071578922496,0.0,2.6645352591003757e-10,1.9984014443252815e-10,0.0
0.8458249789699162,0.20002911828800385,1.0,0.8564686874329102,13.315318009332515,11.40415293820413,4.194742646860104,0.7335386125530082,0.4508274722157611,0.20002911828800385,0.4,cost-minimizing,-5.322409180053e-13,4.117902068793019,0.15370951965965737,6.8152815178593,-7.083222897108501e-13,1.904153551637708,0.0,1.9984014443252818e-09,1.4876988529977096e-09,0.0
0.8637994570084887,0.2021286124519397,1.0,0.8550763303986186,13.374525361942625,11.436240067312875,4.162618004044132,0.7311555308079496,0.44911040494620463,0.2021286124519397,0.4,cost-minimizing,3.106404022901188e-13,4.0855612246017605,0.1552976982181247,6.7664742857567015,4.1300296516055833e-13,1.9042537117477216,0.0,5.1514348342607255e-09,3.763656053479281e-09,0.0
0.8821559075222093,0.20423837620683927,1.0,0.8536787669788515,13.434636247627752,11.468863706684731,4.130687998328565,0.7287674371905632,0.44738856635574303,0.20423837620683927,0.4,cost-minimizing,2.220446049250313e-15,4.053411402533188,0.15689360927009327,6.718521198470544,3.3306690738754704e-15,1.9043723411850437,0.0,2.6645352591003757e-10,1.9428902930940237e-10,0.0
0.9009024477410444,0.20635833259346287,1.0,0.8522760492163164,13.495662766593524,11.502030144267385,4.098954294696054,0.7263744640677297,0.44566206443736595,0.2063583325934628,0.4,cost-minimizing,3.4017233474514796e-13,4.021454225202097,0.1584972099781565,6.671406779306247,4.5075054799781366e-13,1.9045097225180807,0.0,1.021405182655144e-09,6.994405055138485e-10,0.0
0.9200473673927891,0.20848840430096038,1.0,0.8508682286793063,13.557617190491705,11.535745723985878,4.067418474804811,0.7239767425758659,0.4439310069861577,0.20848840430096038,0.4,cost-minimizing,-2.1005419625907962e-13,3.989691231521667,0.16010845773459578,6.6251158915254,-2.7866597918091434e-13,1.9046661389756694,0.0,8.65973959207622e-10,1.348920974919565e-09,2.8421709430404003e-09
0.9395991323687871,0.21062851368915364,1.0,0.8494553564453844,13.620511965829222,11.570016846902682,4.0360820379897335,0.7215744025937924,0.44219550157273085,0.2106285136891537,0.4,cost-minimizing,5.020428517354958e-13,3.958123877696777,0.16172731017998443,6.57963373094495,6.628031457012186e-13,1.9048418744701558,0.0,3.1086244689504383e-10,2.4424906541753444e-10,0.0
0.9595663884675517,0.21277858281172873,1.0,0.8480374830836497,13.68435971742214,11.604849972373696,4.004946402326955,0.7191675727148353,0.44045565551625315,0.2127785828117288,0.4,cost-minimizing,-3.9768188742073107e-13,3.926753538280763,0.16335372522277525,6.534945818671846,-5.24025267623074e-13,1.90503721362603,0.0,-4.618527782440651e-09,-3.9968028886505635e-09,-2.8421709430404003e-09
0.9799579652179422,0.21493853343724484,1.0,0.8466146586393326,13.74917325193869,11.640251619263836,3.9740129057000844,0.716756380223038,0.4387115758595757,0.2149385334372449,0.4,cost-minimizing,3.2818192607919627e-13,3.895581507233466,0.16498766105658128,6.491037994036559,4.31876756579186e-13,1.9052524418059928,0.0,3.26405569239796e-09,3.0642155479654316e-09,2.8421709430404003e-09
1.0007828797835838,0.21710828707150887,1.0,0.8451869326177075,13.814965561497846,11.676228367142329,3.9432828069384533,0.7143409510677721,0.43696336934358365,0.21710828707150887,0.4,cost-minimizing,3.9035441545820504e-13,3.86460899905143,0.16662907617898648,6.447896407646997,5.129230373768224e-13,1.9054878451441424,0.0,1.6875389974302377e-09,1.2045919817182948e-09,0.0
1.0220503409502624,0.21928776497785596,1.0,0.8437543539693708,13.881749827348271,11.712786857539324,3.9127572869513423,0.7119214098423103,0.4352111423835649,0.21928776497785596,0.4,cost-minimizing,2.2515322939398175e-13,3.8338371498936574,0.16827792940811773,6.405507514631912,2.953193245502917e-13,1.9057437105765944,0.0,2.886579864025407e-10,-4.940492459581947e-10,-2.8421709430404003e-09
1.0437697531980525,0.2214768881977957,1.0,0.8423169710758027,13.949539423616358,11.749933795203606,3.8824374499098164,0.7094978797623495,0.4334550010456037,0.22147688819779576,0.4,cost-minimizing,2.424727085781342e-13,3.8032670187549713,0.16993417989967644,6.363858068019497,3.175237850427948e-13,1.9060203258765056,0.0,-2.2204460492503128e-10,5.218048215738236e-10,2.8421709430404003e-09
1.065950720859983,0.22367557757102108,1.0,0.84087483173544,14.018347921127107,11.787675949386434,3.85232432445091,0.7070704826460938,0.43169505102380773,0.22367557757102108,0.4,cost-minimizing,-2.042810365310288e-14,3.7728995886615495,0.17159778716332924,6.32293511226911,-2.6645352591003763e-14,1.9063179796906016,0.0,2.2648549702353193e-09,1.6375789613221057e-09,0.0
1.0886030523690762,0.22588375375468894,1.0,0.8394279831504328,14.088189091301329,11.826020155153264,3.822418864901264,0.7046393388960188,0.4299313976184342,0.22588375375468894,0.4,cost-minimizing,9.992007221626409e-15,3.7427357678857245,0.17326871107836017,6.282725976954317,1.3322676295501882e-14,1.9066369615769745,0.0,4.2188474935755943e-10,-4.1633363423443365e-10,-2.8421709430404003e-09
1.111736764595642,0.22810133724252085,1.0,0.8379764719139671,14.159076910128997,11.864973314708644,3.792721952529563,0.7022045674813934,0.428164145714472,0.2281013372425209,0.4,cost-minimizing,-3.206324095117452e-13,3.7127763911894927,0.1749469119092008,6.243218270583993,-4.185540802836841e-13,1.9069775620457365,0.0,-1.0880185641326534e-09,-7.938094626069868e-10,0.0
1.135362087276741,0.23032824838299132,1.0,0.836520343998101,14.231025562219534,11.904542398754415,3.7632343968097204,0.699766285922746,0.42639339976126106,0.23032824838299137,0.4,cost-minimizing,1.971756091734278e-13,3.6830222210785473,0.17663235032001307,6.204399874572056,2.5757174171303637e-13,1.9073400726003424,0.0,-7.549516567451063e-10,-4.996003610813204e-10,0.0
1.1594894675397793,0.2325644073976098,1.0,0.835059644741998,14.304049444929195,11.944734447854168,3.733956936713662,0.6973246102766097,0.424619263752341,0.23256440739760986,0.4,cost-minimizing,3.3573144264664734e-13,3.65347394908587,0.1783249873894563,6.166258937334895,4.374278717023118e-13,1.907724785782459,0.0,8.237854842718662e-09,6.46149800331841e-09,2.8421709430404003e-09
1.1841295745222324,0.23480973439810976,1.0,0.8335944188407289,14.378163172568781,11.985556573835309,3.7048902420074543,0.6948796551224511,0.4228418412064698,0.2348097343981097,0.4,cost-minimizing,-2.788880237858393e-13,3.6241321970584117,0.18002478462431284,6.1287838685348754,-3.630429290524263e-13,1.9081319952170193,0.0,-1.7541523789077471e-09,-1.965094753586527e-09,-2.8421709430404003e-09
1.209293304089542,0.2370641494031831,1.0,0.832124710335324,14.45338158070155,12.027015961207663,3.676034914565397,0.6924315335506744,0.4210612351492969,0.2370641494031831,0.4,cost-minimizing,4.4986236957811343e-13,3.594997518461625,0.18173170397271873,6.0919633334552685,5.839773109528324e-13,1.9085619956594844,0.0,2.19824158875781e-09,2.2648549702353193e-09,2.8421709430404003e-09
1.2349917836532713,0.23932757235557955,1.0,0.8306505626016887,14.529719730504281,12.06911986858819,3.64739148970641,0.6899803571504992,0.41927754809504064,0.23932757235557955,0.4,cost-minimizing,3.532729664357248e-13,3.5660703997062533,0.18344570783782924,6.055786247491173,4.574118861455646e-13,1.9090150830468806,0.0,7.038813976123492e-09,5.573319583618285e-09,2.8421709430404003e-09
1.2612363770916533,0.24159992313738482,1.0,0.8291720183417928,14.607192913233865,12.111875630174467,3.6189604375212516,0.6875262360010257,0.41749088202989154,0.24159992313738488,0.4,cost-minimizing,4.614086890342151e-13,3.5373512614656213,0.1851667590895958,6.020241770789626,5.972999872483343e-13,1.9094915545474698,0.0,1.0880185641326534e-09,7.549516567451063e-10,0.0
1.2880386897746994,0.243881121585938,1.0,0.8276891195742919,14.685816654767045,12.1552906572133,3.590742164226099,0.6850692786616491,0.4157013383951919,0.243881121585938,0.4,cost-minimizing,-1.6142642778049776e-13,3.508840460019317,0.186894821077316,5.985319302995933,-2.0761170560490432e-13,1.9099917086151084,0.0,2.4868995751603507e-09,2.481348460037225e-09,2.8421709430404003e-09
1.3154105736961017,0.24617108750847372,1.0,0.8262019076259997,14.765606720231855,12.199372439510402,3.5627370135090777,0.6826095921648164,0.41390901807189723,0.24617108750847372,0.4,cost-minimizing,-1.5232259897857148e-13,3.4805382885895524,0.1886298576408533,5.951008478134686,-1.9650947535865276e-13,1.9105158450433517,0.0,-3.7081449022480224e-09,-2.5368596112684823e-09,0.0
1.3433641327141876,0.2484697406969471,1.0,0.8247104231236464,14.84657911872618,12.244128546943363,3.534945267893746,0.680147282008784,0.41211402136516534,0.24846974069694716,0.4,cost-minimizing,4.178879464689089e-13,3.452444978694452,0.19037183312215344,5.9172991596000735,5.38458166943201e-13,1.9110642650231535,0.0,7.327471962526032e-10,4.940492459581947e-10,0.0
1.3719117279042512,0.25077700094213096,1.0,0.8232147059860915,14.928750108126431,12.289566631001932,3.5073671501010186,0.6776824521518112,0.41031644798978556,0.25077700094213096,0.4,cost-minimizing,-4.556355293061642e-13,3.4245607014995985,0.1921207123760407,5.884181435267423,-5.850875339774576e-13,1.9116372712017107,0.0,-3.1974423109204504e-09,-2.19824158875781e-09,0.0
1.4010659830246266,0.2530927880465306,1.0,0.8217147954177859,15.01213619999869,12.335694426365086,3.480002824403794,0.6752152050084513,0.4085163970567914,0.25309278804653057,0.4,cost-minimizing,3.7614356074300304e-13,3.396885569162032,0.19387646077980183,5.851645612729384,4.829470157119432e-13,1.9122351677414149,0.0,5.440092820663266e-09,4.440892098500626e-09,2.8421709430404003e-09
1.4308397900989183,0.2554170218385719,1.0,0.8202107299006449,15.096754164579043,12.382519752460082,3.452852398005408,0.6727456414441544,0.4067139670593382,0.25541702183857184,0.4,cost-minimizing,-9.747758156208874e-14,3.369419636198203,0.19563904424423587,5.819682214619541,-1.2545520178264271e-13,1.9128582603847668,0.0,-4.4408920985006256e-10,-2.9976021664879227e-10,0.0
1.46124631511686,0.25774962218415187,1.0,0.818702547189214,15.182621035884784,12.430050515087732,3.4259159223895135,0.6702738607741242,0.4049092558608875,0.25774962218415187,0.4,cost-minimizing,2.0805579481475434e-13,3.3421629008228972,0.19740842922193438,5.788281974076844,2.664535259100376e-13,1.9135068565160638,0.0,-3.130828929442941e-09,-2.0816681711721685e-09,0.0
1.49229900385632,0.26009050899964475,1.0,0.8171902843036221,15.269754116891328,12.478294708028303,3.3991933946916273,0.6677999607602065,0.4031023606825039,0.2600905089996448,0.4,cost-minimizing,1.8185453143360064e-13,3.315115306309964,0.19918458271720552,5.75743583029087,2.3203661214665777e-13,1.914181265229289,0.0,-7.105427357601001e-10,-4.773959005888173e-10,0.0
1.52401158782903,0.26243960226326973,1.0,0.8156739775244091,15.358170984826554,12.527260414693206,3.3726847590520417,0.6653240376104774,0.4012933780916668,0.2624396022632698,0.4,cost-minimizing,-3.355093980417223e-13,3.2882767423340975,0.20096747229430428,5.727134924169014,-4.2743586448068537e-13,1.914881797395063,0.0,-2.797762022055394e-09,-2.6534330288541237e-09,-2.8421709430404003e-09
1.5563980903526653,0.26479682202627913,1.0,0.8141536623876928,15.447889496566184,12.576955809789412,3.3463899079687303,0.6628461859792766,0.399482403991454,0.2647968220262791,0.4,cost-minimizing,4.04121180963557e-13,3.2616470463125293,0.20275706608556113,5.697370594102935,5.151434834260727e-13,1.9156087657301213,0.0,-1.9317880628477724e-09,-2.048361480433414e-09,-2.8421709430404003e-09
1.5894728327519616,0.2671620884244169,1.0,0.8126293736796559,15.538927794119553,12.627389160989427,3.3203086836521005,0.6603664989670242,0.39766953360974916,0.2671620884244169,0.4,cost-minimizing,8.08242361927114e-14,3.2352260047485273,0.20455333279988153,5.668134371827186,1.0325074129013958e-13,1.9163624848701928,0.0,9.103828801926283e-10,6.050715484207103e-10,0.0
1.6232504406916108,0.26953532168765065,1.0,0.8111011454330219,15.631304310241083,12.678568830649537,3.294440879357693,0.6578850681228049,0.3958548614900039,0.2695353216876506,0.4,cost-minimizing,-3.8546943414985435e-13,3.2090133545525195,0.2063562417294499,5.639417978393212,-4.896083538596941e-13,1.9171432714417507,0.0,-2.375877272697835e-09,-2.353672812205332e-09,-2.8421709430404003e-09
1.6577458506437357,0.2719164421505402,1.0,0.809569010922564,15.725037774132906,12.730503277524642,3.2687862407235637,0.6554019834461338,0.3940384814817283,0.2719164421505402,0.4,cost-minimizing,-3.965716643961059e-13,3.1830087843679187,0.2081657627572121,5.611213320226624,-5.018208071305709e-13,1.9179514441380454,0.0,1.887379141862766e-09,1.2490009027033011e-09,0.0
1.692974316492804,0.2743053702618775,1.0,0.8080330026613536,15.820147217262251,12.783201058509645,3.24334446709502,0.6529173333899523,0.3922204867317572,0.2743053702618775,0.4,cost-minimizing,-1.1546319456101628e-14,3.1572119358841286,0.20998186636364882,5.58351248528343,-1.4432899320127038e-14,1.91878732379627,0.0,-5.218048215738235e-09,-4.163336342344337e-09,-2.8421709430404003e-09
1.7289514162809028,0.27670202659387294,1.0,0.8064931523976901,15.91665197929528,12.836670830399482,3.218115212840054,0.6504312048643992,0.39040096967607135,0.2767020265938729,0.4,cost-minimizing,-3.0309088572266774e-13,3.131622405140116,0.21180452363315663,5.556307739299598,-3.830269434956791e-13,1.9196512334765816,0.0,-1.1102230246251564e-10,-8.881784197001251e-11,0.0
1.7656930590963549,0.2791063318506139,1.0,0.8049494911122033,16.014571714143354,12.89092135167982,3.193098088648928,0.6479436832418072,0.38858002203237646,0.27910633185061395,0.4,cost-minimizing,3.7569947153315297e-13,3.1062397438119302,0.21363370625969058,5.529591522135075,4.729550084903168e-13,1.9205434985421213,0.0,4.352074256530614e-09,3.61932706027801e-09,2.8421709430404003e-09
1.8032154921087242,0.2815182068770678,1.0,0.8034020490146696,16.113926396118362,12.945961484312402,3.168292662834062,0.6454548523609367,0.38675773479246806,0.28151820687706786,0.4,cost-minimizing,-1.8540724511240114e-13,3.0810634605005633,0.21546938655311856,5.503356444196188,-2.342570581959081e-13,1.9214644467431836,0.0,-3.4194869158454817e-09,-3.003153281611048e-09,-2.8421709430404003e-09
1.841535307753321,0.2839375726663594,1.0,0.8018508555423056,16.214736326222212,13.001800195573365,3.143698462602097,0.6429647945338871,0.3849341982160977,0.28393757266635933,0.4,cost-minimizing,-5.313527395855999e-13,3.0560930219916247,0.21731153744374943,5.477595282960099,-6.683542608243443e-13,1.922414408300178,0.0,3.6859404417555193e-09,3.208544541166702e-09,2.8421709430404003e-09
1.880669451068383,0.28636435036777336,1.0,0.8002959393573823,16.31702213854522,13.058446559883091,3.119314975325824,0.6404735905519563,0.38310950182447684,0.2863643503677733,0.4,cost-minimizing,2.540190280342358e-13,3.0313278545149416,0.21916013248776342,5.45230097957213,3.1863400806742e-13,1.9233937159910983,0.0,-2.2648549702353193e-09,-2.248201624865942e-09,-2.8421709430404003e-09
1.920635227188179,0.28879846129421266,1.0,0.7987373283454049,16.420804806792525,13.115909760658885,3.0951416498006297,0.6379813196923572,0.3812837343943775,0.2887984612942127,0.4,cost-minimizing,-5.240252676230739e-14,3.006767344988522,0.22101514587213764,5.427466635528871,-6.550315845288425e-14,1.9244027052405577,0.0,-5.6621374255882975e-09,-4.418687638008123e-09,-2.8421709430404003e-09
1.9614503089953463,0.2912398269284732,1.0,0.7971750496138064,16.526105650940245,13.17419909221125,3.0711778974763058,0.6354880597267725,0.3794569839532987,0.2912398269284733,0.4,cost-minimizing,-1.9606538614880265e-13,2.9824108422375866,0.2228765524183182,5.403085509451388,-2.4535928844215965e-13,1.9254417142087716,0.0,-2.953193245502916e-09,-1.9040324872321435e-09,0.0
2.0031327449358463,0.2936883689301575,1.0,0.7956091294906957,16.632946344018116,13.233323961629022,3.047423093686978,0.6329938869289101,0.3776293377743249,0.2936883689301575,0.4,cost-minimizing,-3.6903813338540203e-13,2.958257658211794,0.22474432758673696,5.37915101392807,-4.607425552194401e-13,1.9265110838850221,0.0,-1.6431300764452315e-09,-1.0380585280245214e-09,0.0
2.0457009669999944,0.2961440091416756,1.0,0.7940395935238367,16.741348919024244,13.293293890702108,3.023876578857899,0.6304988760834701,0.3758008823718361,0.2961440091416756,0.4,cost-minimizing,-5.253575352526241e-13,2.9343070691790816,0.22661844748037352,5.355656712441718,-6.561418075534676e-13,1.927611158181681,0.0,-1.7763568394002503e-09,-1.937339177970898e-09,-2.8421709430404003e-09
2.0891737988730954,0.2986066695939765,1.0,0.792466466480134,16.851335775978107,13.35411851785903,3.0005376596981814,0.6280031004954808,0.3739717034975797,0.2986066695939765,0.4,cost-minimizing,-7.638334409421077e-14,2.9105583169053415,0.22849888884812464,5.332596316372522,-9.547918011776349e-14,1.9287422840305337,0.0,1.2878587085651814e-09,8.437694987151189e-10,0.0
2.133570464259282,0.3010762725121859,1.0,0.7908897723448949,16.962929689105216,13.415807600119093,2.9774056103788147,0.6255066319997694,0.3721418861369701,0.3010762725121858,0.4,cost-minimizing,2.1183055309847987e-13,2.887010609819284,0.2303856290881523,5.309963682073933,2.6312285683616215e-13,1.9299048114816508,0.0,-1.4210854715202002e-09,-8.826273045769993e-10,0.0
2.178910595382247,0.3035527403205174,1.0,0.7893095343218877,17.07615381417025,13.47837101507243,2.9544796736905408,0.6230095409714713,0.3703115145060787,0.3035527403205174,0.4,cost-minimizing,-2.9753977059954195e-14,2.863663124156973,0.23227864625051842,5.287752808025902,-3.663735981263017e-14,1.9310990938034966,0.0,-2.6867397195928784e-09,-2.4868995751603507e-09,-2.8421709430404003e-09
2.225214241666621,0.30603599564700323,1.0,0.7877257748333402,17.191031695950365,13.541818762876781,2.9317590621856056,0.6205118963367756,0.36848067204890333,0.30603599564700323,0.4,cost-minimizing,-3.483879851273741e-13,2.8405150050901207,0.23417791903970014,5.265957832058764,-4.3298697960381115e-13,1.9323254875854403,0.0,-1.376676550535194e-09,-8.215650382226157e-10,0.0
2.2725018786038347,0.30852596132804017,1.0,0.7861385155199394,17.30758727585231,13.606160968270451,2.9092429593029068,0.6180137655838996,0.3666494414349166,0.3085259613280402,0.4,cost-minimizing,-3.381739333008227e-13,2.817565367837675,0.23608342681698466,5.244573028646579,-4.185540802836841e-13,1.9335843528426837,0.0,9.769962616701378e-10,5.939693181744587e-10,0.0
2.320794416806389,0.311022560412483,1.0,0.7845477772415153,17.425844899686627,13.671407882605559,2.886930520474984,0.6155152147746482,0.36481790455708263,0.311022560412483,0.4,cost-minimizing,2.9398705692074145e-13,2.7948132987591086,0.23799514960246565,5.223592806270975,3.6415315207705145e-13,1.9348760531231464,0.0,-3.5749181392930036e-09,-3.0364599723498027e-09,-2.8421709430404003e-09
2.3701132112545396,0.31352571616564656,1.0,0.7829535800774363,17.545829325588098,13.737569885896571,2.864820874217803,0.613016308556061,0.36298614253007555,0.3135257161656466,0.4,cost-minimizing,-1.028066520802895e-13,2.7722578564303992,0.2399130680770108,5.203011704850992,-1.2656542480726787e-13,1.9362009556169466,0.0,4.773959005888173e-09,2.94764213037979e-09,0.0
2.420480070739474,0.31603535207230593,1.0,0.7813559433276924,17.66756573210039,13.80465748890851,2.8429131231955678,0.6105171101734727,0.36115423568935645,0.31603535207230593,0.4,cost-minimizing,2.686739719592879e-13,2.749898072694774,0.24183716358317683,5.1828243932451645,3.308464613382967e-13,1.93755943126652,0.0,-2.353672812205332e-09,-1.4155343563970744e-09,0.0
2.4719172675071714,0.3185513918405182,1.0,0.7797548855135172,17.791079726411535,13.872681335230844,2.8212063452778438,0.6080176814822404,0.3593222635897718,0.3185513918405183,0.4,cost-minimizing,1.5631940186722204e-13,2.727732953705856,0.24376741812716737,5.1630256668094745,1.931788062847773e-13,1.9389518548816282,0.0,-2.597921877622866e-09,-2.4424906541753444e-09,-2.8421709430404003e-09
2.5244475471071977,0.32107375940407573,1.0,0.778150424379096,17.91639735276601,13.941652203400286,2.799699594568045,0.6055180829614065,0.357490305005269,0.3210737594040758,0.4,cost-minimizing,-3.0531133177191805e-13,2.7057614809418506,0.24570381437932146,5.143610445027972,-3.7414515929867786e-13,1.9403786052542211,0.0,6.128431095930863e-09,4.5852210917018965e-09,2.8421709430404003e-09
2.578094138450796,0.32360237892523713,1.0,0.77654257689253,18.043545101031526,14.011581009031152,2.778391902416852,0.6030183737268713,0.3556584379285189,0.32360237892523713,0.4,cost-minimizing,-2.2470914018413168e-13,2.6839826122046078,0.24764633567498212,5.124573769201277,-2.7533531010703887e-13,1.9418400652768308,0.0,-3.3750779948604755e-09,-1.9984014443252818e-09,0.0
2.6328807640827216,0.3261371747972715,1.0,0.774931359247202,18.172549915439987,14.082478806959429,2.7572822784180238,0.6005186115447115,0.3538267395707846,0.32613717479727145,0.4,cost-minimizing,-7.105427357601002e-15,2.6623952826009867,0.24959496601525694,5.10591080019584,-8.881784197001254e-15,1.9433366220636368,0.0,9.992007221626409e-10,1.4821477378745838e-09,2.8421709430404003e-09
2.688831650671362,0.3286780716463703,1.0,0.7733167868637654,18.30343920350986,14.15435679341453,2.736369711382313,0.5980188528452988,0.35199528636235045,0.3286780716463703,0.4,cost-minimizing,-8.681944052568724e-14,2.6409984055021405,0.25154969006715233,5.087616816256057,-1.054711873393899e-13,1.9448686670732185,0.0,6.705747068735945e-09,4.862776847858186e-09,2.8421709430404003e-09
2.745971539721778,0.331224994333374,1.0,0.7716988743917919,18.436240845140528,14.227226308211707,2.7156531702917137,0.5955191527375914,0.35016415395318334,0.33122499433337405,0.4,cost-minimizing,1.56097357262297e-13,2.6197908734829887,0.2535104931635578,5.069687210874587,1.9095836023552698e-13,1.9464365962338788,0.0,3.6859404417555193e-09,3.080868893334809e-09,2.8421709430404003e-09
2.804325698516407,0.33377786795550085,1.0,0.7700776357116488,18.570983201890307,14.3010988369532,2.695131605237315,0.5930195650232746,0.3483334172136857,0.3337778679555008,0.4,cost-minimizing,3.2174263253637037e-13,2.5987715592452414,0.25547736130333043,5.052117490718608,3.930189507173055e-13,1.9480408100721749,0.0,-4.063416270128073e-09,-2.3814283878209608e-09,0.0
2.8639199312882684,0.33633661784752944,1.0,0.7684530839365447,18.707695126441784,14.3759860132586,2.6748039483347954,0.5905201422115757,0.3465031502359328,0.33633661784752944,0.4,cost-minimizing,1.4410694859634532e-13,2.577939316517865,0.2574502811508275,5.034903273614832,1.7541523789077478e-13,1.949681713843346,0.0,1.9095836023552692e-09,2.0261570199409107e-09,2.8421709430404003e-09
2.924780590631603,0.3389011695827982,1.0,0.7668252314146886,18.846405972257777,14.451899621012071,2.6546691146212256,0.5880209355342042,0.3446734263351253,0.33890116958279815,0.4,cost-minimizing,-1.127986593019159e-13,2.557292980938743,0.259429240035307,5.01804028658963,-1.3766765505351944e-13,1.9513597176645543,0.0,2.7311486405778847e-09,2.4702462297909733e-09,2.8421709430404003e-09
2.9869345891550028,0.34147144897402515,1.0,0.7651940897317357,18.98714560343457,14.528851596624168,2.6347260029335287,0.5855219949603847,0.34284431805125204,0.34147144897402515,0.4,cost-minimizing,-2.9531932455029164e-13,2.5368313709178967,0.26141422595021857,5.001524363963224,-3.5860203695392566e-13,1.953075236651044,0.0,-4.218847493575595e-09,-2.4424906541753444e-09,0.0
3.0504094113821774,0.3440473820738519,1.0,0.7635596697129474,19.12994440474941,14.606854031318262,2.614973496766274,0.5830233692121756,0.34101589715102565,0.3440473820738519,0.4,cost-minimizing,5.728750807065808e-14,2.5165532884798734,0.2634052275522259,4.985351445497681,6.883382752675972e-14,1.954828691054879,0.0,-3.0420110874729285e-09,-1.8041124150158792e-09,0.0
3.115233125905622,0.3466288951753007,1.0,0.761921981425747,19.2748332919153,14.685919173426777,2.595410465112187,0.5805251057797252,0.3391882346299555,0.3466288951753007,0.4,cost-minimizing,-5.551115123125783e-15,2.4964575200887844,0.26540223416023123,4.969517574596548,-6.661338147750941e-15,1.9566205064069462,0.0,-5.706546346573304e-09,-5.107025913275719e-09,-5.684341886080801e-09
3.181434397798557,0.34921591481159014,1.0,0.7602810341823374,19.421843722044265,14.766059430722574,2.5760357632794952,0.5780272509373262,0.33736140071494336,0.3492159148115901,0.4,cost-minimizing,1.2145839889399213e-13,2.4765428374499403,0.2674052357537095,4.954018896558615,1.465494392505207e-13,1.9584511136608482,0.0,-5.262457136723241e-09,-3.930189507173054e-09,-2.8421709430404003e-09
3.249042501290644,0.3518083677562283,1.0,0.7586368365422573,19.571007704321357,14.847287372751477,2.556848233694509,0.5755298497588816,0.33553546486674657,0.35180836775622826,0.4,cost-minimizing,1.7852386235972517e-13,2.4568079982967186,0.26941422297145257,4.938851656879199,2.1538326677728042e-13,1.9603209493409481,0.0,-2.753353101070388e-09,-2.5091040356528538e-09,-2.8421709430404003e-09
3.3180873327130485,0.35440618102255633,1.0,0.7569893963153951,19.722357810901794,14.929615733191858,2.537846706682903,0.5730329461339881,0.33371049578289325,0.3544061810225563,0.4,cost-minimizing,-2.7711166694643907e-13,2.4372517471559436,0.2714291871097553,4.924012199603222,-3.3417713041217217e-13,1.9622304556927506,0.0,-6.88338275267597e-10,-3.996802888650563e-10,0.0
3.3885994237186257,0.35700928186302155,1.0,0.7553387205646589,19.87592718802498,15.01305741223964,2.5190300012306532,0.5705365827842761,0.33188656140084216,0.3570092818630215,0.4,cost-minimizing,1.2101430968414206e-13,2.417872816092755,0.27345012012032427,4.90949696572738,1.4543921622589553e-13,1.9641800808361451,0.0,-7.149836278586007e-09,-4.085620730620576e-09,0.0
3.4606099547830147,0.3596175977688136,1.0,0.7536848156086493,20.031749567355014,15.097625478989885,2.5003969257311534,0.5680408012790166,0.33006372890094327,0.35961759776881363,0.4,cost-minimizing,2.7911006839076435e-13,2.398669925441677,0.2754770146087039,4.895302491647107,3.3528735343679733e-13,1.9661702789232303,0.0,-1.865174681370263e-09,-1.0380585280245214e-09,0.0
3.5341507689926717,0.3622310564685911,1.0,0.7520276870247855,20.18985927755996,15.183333173860115,2.4819462787082456,0.5655456420518782,0.32824206471008677,0.3622310564685911,0.4,cost-minimizing,-3.8125058665627876e-13,2.37964178451332,0.277509863831696,4.881425407654774,-4.574118861455646e-13,1.9682015102977841,0.0,1.9984014443252815e-10,1.1102230246251564e-10,0.0
3.6092543861258823,0.3648495859270266,1.0,0.7503673396528874,20.350291256135147,15.270193911026736,2.463676849522061,0.5630511444177217,0.3264216345055224,0.36484958592702665,0.4,cost-minimizing,1.509903313490213e-13,2.3607870922838052,0.27954866169465836,4.8678624364839305,1.798561299892754e-13,1.9702742416582428,0.0,3.9745984281580604e-09,3.1752378504279473e-09,2.8421709430404003e-09
3.6859540170330343,0.36747311434417,1.0,0.7487037775970493,20.513081061443742,15.358221280858205,2.4455874190611264,0.5605573465881205,0.3246025032181524,0.36747311434417007,0.4,cost-minimizing,2.498001805406602e-13,2.3421045380704775,0.2815934027497562,4.854610391893935,2.9864999362416716e-13,1.972388946226157,0.0,-2.6645352591003753e-09,-1.4821477378745838e-09,0.0
3.7642835783224555,0.37010157015326506,1.0,0.747037004229905,20.67826488504145,15.44742905239423,2.427676760410117,0.5580642856888065,0.3227847350369425,0.37010157015326506,0.4,cost-minimizing,-4.0389913635863195e-13,2.3235928021829517,0.2836440821925506,4.841666177306598,-4.829470157119432e-13,1.9745461039154522,0.0,2.6645352591003757e-10,1.0824674490095276e-09,2.8421709430404003e-09
3.844277707358368,0.3727348820190223,1.0,0.7453670221953559,20.845879564232224,15.5378311758344,2.4099436395016727,0.555571997776358,0.3209683934130475,0.3727348820190223,0.4,cost-minimizing,-4.014566457044566e-13,2.3052505565581627,0.28570069585910396,4.829026784483487,-4.785061236134426e-13,1.9767462015065058,0.0,1.6875389974302377e-09,-1.1102230246251564e-11,-2.8421709430404003e-09
3.9259717775775256,0.3753729788359812,1.0,0.7436938334116396,21.015962594888805,15.629441785029346,2.3923868157533628,0.55308051785453,0.3191535410639108,0.3753729788359812,0.4,cost-minimizing,3.3284486278262193e-13,2.2870764653805433,0.2877632402232805,4.81668929224549,3.96349619791181e-13,1.978989732824686,0.0,2.1094237467877974e-09,1.1712852909795402e-09,0.0
4.0094019141313835,0.3780157897264192,1.0,0.742017439074742,21.18855214454473,15.722275199996565,2.3750050426855056,0.5505898798910333,0.3173402399777072,0.37801578972641914,0.4,cost-minimizing,3.597122599785507e-14,2.269069185682893,0.28983171239357547,4.804650865236633,4.2188474935755955e-14,1.9812771989221254,0.0,-2.5313084961453565e-09,-1.3933298959045713e-09,0.0
4.094605009860633,0.38066324403762186,1.0,0.7403378396617499,21.363687065756988,15.816345929473178,2.3577970685178493,0.5481001168350609,0.31552855141825076,0.38066324403762186,0.4,cost-minimizing,-1.5765166949677223e-13,2.251227367925858,0.2919061101092119,4.7929087527321235,-1.876276911616515e-13,1.9836091082622724,0.0,-4.107825191113079e-09,-2.2648549702353193e-09,0.0
4.1816187416092525,0.38331527133979254,1.0,0.7386550349342049,21.541406909747753,15.91166867345204,2.34076163675569,0.5456112606336648,0.3137185359294854,0.3833152713397925,0.4,cost-minimizing,-3.388400671155978e-13,2.2335496565669617,0.29398643173707617,4.781460287484197,-4.0190073491430677e-13,1.985985976910454,0.0,-6.10622663543836e-09,-3.3306690738754692e-09,0.0
4.270481586885203,0.38597180142332294,1.0,0.7369690239412301,21.721751940326502,16.008258325755946,2.3238974867547757,0.5431233422488895,0.31191025334043565,0.3859718014233229,0.4,cost-minimizing,-3.2951419370874646e-13,2.2160346906081636,0.29607267626790984,4.7703028846111595,-3.907985046680552e-13,1.9884083287273864,0.0,-1.021405182655144e-09,-5.551115123125783e-10,0.0
4.361232840875218,0.38863276429597393,1.0,0.7352798050231122,21.90476314811115,16.10612997661983,2.307203354271247,0.5406363916747994,0.31010376277023555,0.38863276429597393,0.4,cost-minimizing,2.899902540320909e-13,2.1986811041284007,0.2981648433124667,4.7594340405264735,3.4305891460917347e-13,1.9908766955672315,0.0,4.685141163918161e-09,2.5313084961453565e-09,0.0
4.45391263382113,0.3912980901801469,1.0,0.7335873758143681,22.090482265038816,16.205298915283482,2.2906779719959625,0.5381504379542049,0.3082991226331109,0.39129809018014683,0.4,cost-minimizing,3.0175861809311755e-13,2.181487526800445,0.30026293309779994,4.7488513319067325,3.5638159090467535e-13,1.9933916174805477,0.0,3.0420110874729285e-09,1.6264767310758541e-09,0.0
4.5485619487655,0.39396770950942817,1.0,0.731891733247614,22.278951779194195,16.30578063261424,2.274320070070152,0.5356655091961896,0.30649639064386713,0.39396770950942817,0.4,cost-minimizing,-1.0591527654923993e-13,2.164452584388883,0.30236694646274637,4.738552414701308,-1.2434497875801756e-13,1.995953642920529,0.0,-7.549516567451063e-10,-1.3600232051658166e-09,-2.8421709430404003e-09
4.645222639674322,0.3966415529254056,1.0,0.7301928735567456,22.470214949939553,16.40759082373485,2.2581283765870763,0.5331816325930816,0.3046956238231996,0.3966415529254056,0.4,cost-minimizing,2.233768725545815e-13,2.14757489923407,0.30447688485374363,4.728535023179093,2.6312285683616215e-13,1.9985633289547766,0.0,7.549516567451063e-10,3.996802888650563e-10,0.0
4.743937449944871,0.39931955127457547,1.0,0.728490792280237,22.6643158233649,16.5107453906522,2.242101618079936,0.5306988344370743,0.30289687850295155,0.3993195512745755,0.4,cost-minimizing,1.816324868286756e-13,2.1308530907223266,0.3065927503208132,4.718796969012832,2.131628207280301e-13,2.0012212414824733,0.0,2.020605904817785e-09,1.0769163338864018e-09,0.0
4.844750031306846,0.4,1.0,0.7286917009021978,22.89253677033082,16.681601557137267,2.216170512102049,0.5309915949636997,0.302440604864197,0.4,0.4,technology-constrained,0.018525697116964057,2.103770764950197,0.3063428999735433,4.716369215160871,0.021762059979818508,1.9993953079265068,-1.9776332479466883,-1.9776332470300415,-1.3868947508766103,-0.9516334207204656
4.947704963125189,0.4,1.0,0.7295397183760592,23.13342736147827,16.87675408236469,2.18710796657786,0.5322282006881823,0.302440604864197,0.4,0.4,technology-constrained,0.04335706906827008,2.0733932920542877,0.30528859807026354,4.716369215160871,0.050923505831027574,1.9960257600109776,-1.94510225417995,-1.9451022526206783,-1.3866618537250461,-0.9503676229316581
5.052847772113091,0.4,1.0,0.7303866038813334,23.376242427147186,17.073694317870494,2.1583561014443413,0.5334645911292991,0.302440604864197,0.4,0.4,technology-constrained,0.06819206726483262,2.0433144540519432,0.30423617967411115,4.716369215160871,0.08007987490303849,1.9926472983611576,-1.9125674234581191,-1.9125674227016274,-1.3864118966477876,-0.9490945548917827
5.16022495246393,0.4,1.0,0.731232350950433,23.620989352562194,17.272431576049055,2.1299126890445716,0.5347007510764927,0.302440604864197,0.4,0.4,technology-constrained,0.09303069211191772,2.0135319605398228,0.30318565270599507,4.716369215160871,0.10923080850283487,1.9892599655165717,-1.8800291570137369,-1.8800291559317726,-1.3861448842189537,-0.9478142506624819
5.269883986411017,0.4,1.0,0.7320769531435105,23.86767545378685,17.47297512482676,2.101775502195553,0.5359366653238958,0.302440604864197,0.4,0.4,technology-constrained,0.11787294397014492,1.9840435218881316,0.3021370250173976,4.716369215160871,0.13837594804798628,1.9858638044727013,-1.847487856424715,-1.847487856299068,-1.3858608223504818,-0.946526738709874
5.381873365224264,0.4,1.0,0.7329204040487989,24.11630797652607,17.67533418632142,2.073942314420235,0.5371723186710747,0.302440604864197,0.4,0.4,technology-constrained,0.1427188231552985,1.9548468494816778,0.3010903043902402,4.716369215160871,0.1675149350842087,1.9824588586790366,-1.814943923594828,-1.8149439236836427,-1.38555971735399,-0.9452320530956014
5.496242610653044,0.4,1.0,0.7337626972828388,24.366894094929517,17.879517935500626,2.046410900177364,0.538407695923783,0.302440604864197,0.4,0.4,technology-constrained,0.1675683299383337,1.9259396559587627,0.3000454985367452,4.716369215160871,0.19664741130312474,1.979045172037059,-1.7823977607339343,-1.7823977584541237,-1.3852415763848656,-0.9439302279590222
5.6130422968247204,0.4,1.0,0.7346038264906496,24.61944091039691,18.085535498838524,2.0191790350892433,0.5396427818947197,0.302440604864197,0.4,0.4,technology-constrained,0.19242146454547315,1.8973196554479905,0.29900261509929865,4.716369215160871,0.22577301856014148,1.9756227888981557,-1.7498497703380143,-1.7498497705714653,-1.3849064084525684,-0.9426212860375037
5.732324072608552,0.4,1.0,0.7354437853461275,24.873955450390582,18.293395952967106,1.9922444961678603,0.540877561404268,0.302440604864197,0.4,0.4,technology-constrained,0.21727822715792078,1.8689845638034832,0.2979616616503351,4.716369215160871,0.2548913988918667,1.9721917540615401,-1.7173003551696735,-1.717300354786566,-1.3845542217505444,-0.9413052699414058
5.854140684454851,0.4,1.0,0.7362825675522155,25.13044466724774,18.503108323328984,1.9656050620385546,0.5421120192812516,0.302440604864197,0.4,0.4,technology-constrained,0.24213861791196,1.8409320988376268,0.2969226456922118,4.716369215160871,0.28400219453396,1.9687521127720773,-1.6847499182381174,-1.6847499175298706,-1.3841850265261522,-0.9399822081035402
5.978545999719478,0.4,1.0,0.737120166841017,25.388915436995237,18.714681582829332,1.9392585131614906,0.5433461403636977,0.302440604864197,0.4,0.4,technology-constrained,0.26700263689915094,1.8131599805516256,0.2958855746570821,4.716369215160871,0.31310504793910515,1.9653039107180394,-1.6521988627789344,-1.652198863255627,-1.3837988336318217,-0.9386521317988893
6.105595030484006,0.4,1.0,0.7379565769742509,25.64937455817457,18.92812465048143,1.91320263205163,0.5445799094995674,0.302440604864197,0.4,0.4,technology-constrained,0.29187028416593863,1.785665931364603,0.29485045590680087,4.716369215160871,0.3421996017942664,1.9618471940288993,-1.619647592234633,-1.6196475904228789,-1.383395654108721,-0.9373150807845397
6.235343957882087,0.4,1.0,0.7387917917434792,25.91182875066741,19.143446390054656,1.8874352034961546,0.5458133115475085,0.302440604864197,0.4,0.4,technology-constrained,0.31674155971365536,1.7584476763401322,0.2938172967328162,4.716369215160871,0.37128549903838964,1.958382009273017,-1.5870965102346275,-1.5870965087039222,-1.382975501029726,-0.9359710806733367
6.367850156942782,0.4,1.0,0.7396258049700495,26.1762846545197,19.36065560872547,1.8619540147691884,0.547046331377627,0.302440604864197,0.4,0.4,technology-constrained,0.34161646349900243,1.7315029434100495,0.2927861043560492,4.716369215160871,0.4003623828806636,1.9549084034552244,-1.554546020574561,-1.554546019577607,-1.3825383873788952,-0.9346201684024001
6.503172221961816,0.4,1.0,0.7404586105058344,26.442748828786296,19.57976105571664,1.836756855845765,0.5482789538721963,0.302440604864197,0.4,0.4,technology-constrained,0.3664949954331802,1.7048294635975885,0.2917568859268311,4.716369215160871,0.42942989681716737,1.9514264240145316,-1.5219965271973641,-1.5219965268098432,-1.3820843272449588,-0.9332623780777815
6.641369992411992,0.4,1.0,0.7412902022328907,26.71122775035937,19.800771420951616,1.811841519611643,0.5495111639264499,0.302440604864197,0.4,0.4,technology-constrained,0.3913771553828429,1.6784249712362649,0.29072964852477384,4.716369215160871,0.4584876846496334,1.9479361188215518,-1.4894484341719183,-1.4894484346550383,-1.3816133355604163,-0.9318977438166341
6.782504579404236,0.4,1.0,0.7421205740641406,26.98172781282226,20.02369533369415,1.7872058020726693,0.5507429464492924,0.302440604864197,0.4,0.4,technology-constrained,0.416262943169329,1.6522872041884031,0.289704399158715,4.716369215160871,0.4875353905021774,1.9444375361761062,-1.4569021456739288,-1.4569021454580164,-1.3811254278850436,-0.930526302544976
6.926638392710965,0.4,1.0,0.7429497199434294,27.25425532529665,20.248541361197354,1.7628475025607786,0.5519742863640608,0.302440604864197,0.4,0.4,technology-constrained,0.4411523585689441,1.626413904060241,0.2886811447666226,4.716369215160871,0.5165726588392351,1.940930724804638,-1.4243580659654027,-1.4243580640949103,-1.3806206209054925,-0.9291480883910629
7.073835168363705,0.4,1.0,0.7437776338458097,27.528816511299972,20.475318007349806,1.7387644239380775,0.553205168609262,0.302440604864197,0.4,0.4,technology-constrained,0.46604540131285654,1.6008028164151342,0.28765989221552585,4.716369215160871,0.5455991344830126,1.9374157338576432,-1.3918165993746308,-1.3918165977511163,-1.380098932352025,-0.9277631325965706
7.224159996837185,0.4,1.0,0.7446043097775978,27.80541750760435,20.704033711326215,1.714954372798258,0.5544355781393339,0.302440604864197,0.4,0.4,technology-constrained,0.4909420710873773,1.575451690984063,0.28664064830142955,4.716369215160871,0.5746144626313677,1.93389261290699,-1.3592781502756224,-1.3592781517468564,-1.3795603806099341,-0.9263714692675505
7.377679351832375,0.4,1.0,0.7454297417767719,28.084064363108524,20.934696846233717,1.6914151596661924,0.5556654999253712,0.302440604864197,0.4,0.4,technology-constrained,0.5158423675336641,1.550358281874348,0.28562341974926136,4.716369215160871,0.6036182888749776,1.9303614119432788,-1.3267431230683013,-1.3267431229424531,-1.37900498394794,-0.9249731439120444
7.5344611196711995,0.4,1.0,0.7462539239131982,28.364763037713352,21.16731571776251,1.668144599194912,0.5568949189558684,0.302440604864197,0.4,0.4,technology-constrained,0.5407462902477151,1.5255203477757195,0.2846082132128095,4.716369215160871,0.6326102592148287,1.9268221813731174,-1.2942119221582886,-1.294211921387678,-1.3784327629273727,-0.923568184918455
7.694574629315879,0.4,1.0,0.7470768502888048,28.64751940120267,21.401898562838763,1.6451405103600976,0.5581238202374633,0.302440604864197,0.4,0.4,technology-constrained,0.565653838780448,1.5009356521638866,0.28359503527466334,4.716369215160871,0.6615900200797599,1.923274972016336,-1.261684951936576,-1.2616849507818273,-1.377843738209483,-0.9221566292461069
7.858090683026226,0.4,1.0,0.7478985150377477,28.93233923213104,21.638453548279628,1.6224007166521612,0.5593521887956799,0.302440604864197,0.4,0.4,technology-constrained,0.5905650126377866,1.4766019635016803,0.28258389244615834,4.716369215160871,0.6905572183439813,1.9197198351031584,-1.2291626167591772,-1.2291626170890524,-1.3772379315823977,-0.9207385110010512
8.025081587668435,0.4,1.0,0.7487189123266991,29.219228216721692,21.87698876944888,1.5999230462661056,0.5605800096756604,0.302440604864197,0.4,0.4,technology-constrained,0.6154798112805522,1.452517055437971,0.2815747911673337,4.716369215160871,0.7195115013443366,1.9161568222713559,-1.1966453209270194,-1.1966453202338911,-1.3766153649674704,-0.9193138728158522
8.195621186689225,0.4,1.0,0.7495380363550155,29.508191947769134,22.117512248916636,1.577705332288739,0.5618072679429041,0.302440604864197,0.4,0.4,technology-constrained,0.6403982341245418,1.428678707003915,0.2805677378068874,4.716369215160871,0.7484525168977375,1.9125859855633291,-1.1641334686655918,-1.1641334684231452,-1.3759760620568604,-0.9178827459543902
8.369784892769424,0.4,1.0,0.7503558813549653,29.7992359235511,22.360031935121313,1.5557454128835382,0.5630339486840015,0.302440604864197,0.4,0.4,technology-constrained,0.6653202805405174,1.4050847028068323,0.27956273866214015,4.716369215160871,0.7773799133184536,1.9090073774231637,-1.1316274641047102,-1.1316274637573898,-1.375320046681505,-0.9164451702070585
8.547649721171487,0.4,1.0,0.7511724415920706,30.092365546751115,22.604555701032645,1.534041131473196,0.5642600370073555,0.302440604864197,0.4,0.4,technology-constrained,0.6902459498539937,1.3817328332217629,0.27855979995901126,4.716369215160871,0.806293339435127,1.9054210506936626,-1.0991277112585356,-1.0991277105798503,-1.3746473437492577,-0.9150011825220793
8.72929432379568,0.4,1.0,0.7519877113649942,30.38758612337913,22.85109134282557,1.5125903369190092,0.5654855180439381,0.302440604864197,0.4,0.4,technology-constrained,0.7151752413457895,1.3586208945797897,0.2775589278519704,4.716369215160871,0.8351924446086325,1.9018270586132349,-1.0666346140046024,-1.0666346151211314,-1.3739579792393373,-0.9135508170166061
8.91479902395999,0.4,1.0,0.7528016850061057,30.684902861715965,23.099646578546757,1.4913908836987502,0.5667103769479903,0.302440604864197,0.4,0.4,technology-constrained,0.7401081542514443,1.3357466893548962,0.2765601284240383,4.716369215160871,0.8640768787485711,1.898225454812902,-1.034148576064331,-1.0341485756182323,-1.3732519790476958,-0.9120941191431696
9.104245851919133,0.4,1.0,0.753614356881426,30.984320871252766,23.350229046795484,1.4704406320811323,0.5679345988977709,0.302440604864197,0.4,0.4,technology-constrained,0.7650446877616681,1.3131080263473183,0.2755634076867512,4.716369215160871,0.8929462923309175,1.8946162933131072,-1.0016700009821897,-1.0016700002779544,-1.37252937103538,-0.9106311201767524
9.297718581138339,0.4,1.0,0.7544257213909695,31.285845161648236,23.602846305401982,1.449737448298298,0.5691581690962688,0.302440604864197,0.4,0.4,technology-constrained,0.7899848410221253,1.2907027208649393,0.27456877158015724,4.716369215160871,0.9218003364148366,1.890999628520589,-0.9691992921057524,-0.9691992915339397,-1.3717901832410726,-0.9091618599077477
9.495302765338037,0.4,1.0,0.755235772968913,31.58948064169144,23.85750583011344,1.4292792047155138,0.5703810727719297,0.302440604864197,0.4,0.4,technology-constrained,0.8149286131335134,1.268528594901837,0.27357622597280556,4.716369215160871,0.9506386626598087,1.887375515225162,-0.9367368525653532,-0.9367368533297337,-1.3710344447082077,-0.9076863752843777
9.697085776325745,0.4,1.0,0.7560445060837089,31.89523211827282,24.114215013285833,1.409063779998246,0.5716032951793834,0.302440604864197,0.4,0.4,technology-constrained,0.8398760031517227,1.246583477314175,0.2725857766617366,4.716369215160871,0.9794609233427756,1.8837440085964487,-0.9042830852536732,-0.9042830858341232,-1.3702621848910022,-0.9062047089392066
9.903156842631912,0.4,1.0,0.7568519152384856,32.20310429537166,24.37298116257592,1.38908905927704,0.5728248216001444,0.302440604864197,0.4,0.4,technology-constrained,0.8648270100875273,1.224865203993895,0.27159742937249715,4.716369215160871,1.0082667713746942,1.8801051641806412,-0.871838392805947,-0.8718383929240402,-1.369473434498225,-0.9047168978204566
10.11360708896681,0.4,1.0,0.7576579949709312,32.51310177304149,24.63381149964777,1.3693529343091462,0.5740456373433559,0.302440604864197,0.4,0.4,technology-constrained,0.8897816329071215,1.2033716180390575,0.27061118975912396,4.716369215160871,1.0370558603180304,1.876459037897091,-0.8394031775790605,-0.8394031785874388,-1.3686682250824143,-0.9032229788763501
10.328529576515916,0.4,1.0,0.75846273985375,32.825229046419174,24.89671315887498,1.3498533036383047,0.5752657277464803,0.302440604864197,0.4,0.4,technology-constrained,0.9147398705317151,1.1821005699223714,0.2696270634041722,4.716369215160871,1.0658278444030702,1.8728056860350026,-0.8069778416319324,-0.8069778403507754,-1.3678465882738242,-0.9017229975927242
10.548019344091617,0.4,1.0,0.7592661444948325,33.13949050473811,25.16169318605403,1.3305880727515527,0.5764850781760116,0.302440604864197,0.4,0.4,technology-constrained,0.9397017218375971,1.1610499176566706,0.2686450558187293,4.716369215160871,1.0945823785447475,1.8691451652500257,-0.7745627867052782,-0.7745627858657399,-1.3670085577566213,-0.900216985211255
10.772173450159416,0.4,1.0,0.7600682035371407,33.45589043034462,25.428758537128978,1.3115551542330746,0.5777036740282111,0.302440604864197,0.4,0.4,technology-constrained,0.9646671856566673,1.1402175269573573,0.2676651724424125,4.716369215160871,1.123319118359927,1.8654775325607178,-0.7421584142007909,-0.7421584144129411,-1.3661541669818253,-0.8987049843756089
11.001091015757195,0.4,1.0,0.7608689116593914,33.774432997745386,25.697916076908633,1.292752467916444,0.5789215007297708,0.302440604864197,0.4,0.4,technology-constrained,0.9896362607756495,1.1196012714032872,0.26668741864342754,4.716369215160871,1.1520377201831147,1.861802845345189,-0.7097651251620742,-0.7097651250953517,-1.365283450321941,-0.8971870377183498
11.23487326832661,0.4,1.0,0.7616682635757726,34.09512227264205,25.969172577807996,1.2741779410330336,0.5801385437385567,0.302440604864197,0.4,0.4,technology-constrained,1.0146089459369003,1.0991990325936596,0.26571179971856435,4.716369215160871,1.1807378410839322,1.8581211613374509,-0.6773833202535187,-0.6773833189255285,-1.3643964431486741,-0.8956631850298712
11.473623586475894,0.4,1.0,0.7624662540363965,34.417962210995455,26.24253471858355,1.2558295083587152,0.5813547885442857,0.302440604864197,0.4,0.4,technology-constrained,1.0395852398379986,1.079008700303239,0.26473832089324983,4.716369215160871,1.2094191388831323,1.8544325386239244,-0.6450133997407921,-0.6450134002689012,-1.363493182038322,-0.8941334604273264
11.717447545693934,0.4,1.0,0.7632628778272998,34.74295665809032,26.518009083084447,1.2377051123573788,0.5825702206692398,0.302440604864197,0.4,0.4,technology-constrained,1.064565141132083,1.0590281726342887,0.2637669873215716,4.716369215160871,1.2380812721693903,1.8507370356397876,-0.6126557634703973,-0.612655763654324,-1.3625737032840755,-0.8925979122054172
11.96645296503577,0.4,1.0,0.7640581297708442,35.07010934762211,26.79560215900416,1.2198027033223,0.5837848256689423,0.302440604864197,0.4,0.4,technology-constrained,1.0895486484275252,1.0392553561663498,0.2627978040863355,4.716369215160871,1.2667239003152777,1.8470347111653902,-0.5803108108501125,-0.5803108110047361,-1.3616380448555618,-0.8910565773345701
12.22074995480024,0.4,1.0,0.7648520047256548,35.3994239007838,27.075320336648463,1.2021202395143078,0.5849985891328685,0.302440604864197,0.4,0.4,technology-constrained,1.1145357602883617,1.0196881661027095,0.26183077619909634,4.716369215160871,1.29534668349402,1.8433256243225216,-0.5479789408285016,-0.5479789401796609,-1.360686245083231,-0.8895094984140427
12.480450965220806,0.4,1.0,0.7656444975869092,35.73090382537437,27.35716990770565,1.1846556872977376,0.5862114966851261,0.302440604864197,0.4,0.4,technology-constrained,1.139526475234153,1.0003245264146412,0.260865908600216,4.716369215160871,1.323949282695536,1.839609834570723,-0.5156605518751871,-0.5156605523692903,-1.3597183435076763,-0.8879567124253639
12.74567083619109,0.4,1.0,0.766435603286505,36.0645525149167,27.641157064027624,1.1674070212736007,0.5874235339851405,0.302440604864197,0.4,0.4,technology-constrained,1.1645207917400326,0.9811623699827857,0.2599032061589189,4.716369215160871,1.3525313597426094,1.8358874017035396,-0.4833560419609302,-0.48335604070359744,-1.3587343795473659,-0.8863982676854397
13.01652684804711,0.4,1.0,0.7672253167931735,36.400373247786625,27.927287896420832,1.1503722244100423,0.588634686728343,0.302440604864197,0.4,0.4,technology-constrained,1.1895187082368488,0.9621996387357576,0.25894267367334695,4.716369215160871,1.3810925773070983,1.8321583858447195,-0.4510658085376211,-0.4510658076828377,-1.3577343945581075,-0.8848341982670148
13.2931387734287,0.4,1.0,0.7680136331125962,36.73836918635491,28.215568393446365,1.1335492881701579,0.589844940646853,0.302440604864197,0.4,0.4,technology-constrained,1.2145202231112942,0.9434342837860452,0.2579843158706214,4.716369215160871,1.4096325989260396,1.8284228474443858,-0.4187902485183461,-0.4187902475694116,-1.3567184297569312,-0.8832645496892332
13.57562893024303,0.4,1.0,0.7688005472878561,37.07854337615217,28.50600444022351,1.1169362126375406,0.5910542815101322,0.302440604864197,0.4,0.4,technology-constrained,1.2395253347054958,0.9248642655636197,0.25702813740692826,4.716369215160871,1.4381510890170726,1.8246808472752527,-0.38652975825818014,-0.3865297580674109,-1.3556865275543561,-0.8816893616980791
13.864122235753632,0.4,1.0,0.7695860543991548,37.42089874502645,28.79860181725681,1.1005310066383769,0.5922626951256922,0.302440604864197,0.4,0.4,technology-constrained,1.2645340413177903,0.906487553945934,0.25607414286756325,4.716369215160871,1.4666477128951163,1.8209324464286274,-0.3542847335335111,-0.3542847344162325,-1.3546387309215646,-0.8801086769594234
14.158746261818845,0.4,1.0,0.7703701495643254,37.76543810233663,29.09336619925811,1.0843316878617641,0.5934701673397359,0.302440604864197,0.4,0.4,technology-constrained,1.2895463412022066,0.8883021283861784,0.2551223367670302,4.716369215160871,1.4951221367875036,1.8171777063105787,-0.3220555695230751,-0.32205556970144045,-1.3535750834070548,-0.8785225409591034
14.459631291304163,0.4,1.0,0.7711528279387165,38.11216413814212,29.390303153991088,1.0683362829767173,0.5946766840378445,0.302440604864197,0.4,0.4,technology-constrained,1.3145622325689694,0.870305978038071,0.2541727235491057,4.716369215160871,1.5235740278501846,1.8134166886379164,-0.2898426607877318,-0.2898426601394277,-1.3524956297139568,-0.8769309934431034
14.766910375693374,0.4,1.0,0.7719340847155354,38.461079422419445,29.689418141117525,1.0525428277470175,0.5958822311456246,0.302440604864197,0.4,0.4,technology-constrained,1.3395817135842543,0.852497101878481,0.2532253075869354,4.716369215160871,1.5520030541829903,1.8096494554342548,-0.2576464012512645,-0.2576463994596878,-1.3514004150838588,-0.875334077066192
15.080719393923982,0.4,1.0,0.7727139151260167,38.812186404288504,29.990716511058025,1.0369493671432484,0.597086794629367,0.302440604864197,0.4,0.4,technology-constrained,1.3646047823702259,0.834873508827142,0.25228009318312367,4.716369215160871,1.5804088848451374,1.805876069025991,-0.22546718418085354,-0.22546718470017876,-1.35028948595739,-0.8737318287654893
15.401197112472898,0.4,1.0,0.7734923144393102,39.16548741124443,30.294203503869102,1.0215539554519122,0.5982903604967199,0.302440604864197,0.4,0.4,technology-constrained,1.389631437005522,0.8174332178633329,0.2513370845698124,4.716369215160871,1.6087911898711442,1.8020965920382053,-0.19330540216706105,-0.19330540106388125,-1.3491628881867612,-0.8721243025644475
15.728485246719066,0.4,1.0,0.7742692779629918,39.52098464842291,30.59988424811986,1.0063546563825527,0.5994929147973126,0.302440604864197,0.4,0.4,technology-constrained,1.4146616755247385,0.8001742581405709,0.25039628590879975,4.716369215160871,1.6371496402855183,1.798311087390662,-0.16116144710514368,-0.16116144632150053,-1.3480206699389985,-0.8705115325691181
16.06272852361006,0.4,1.0,0.7750448010427791,39.87868019785635,30.907763759795934,0.9913495431714644,0.600694443623436,0.302440604864197,0.4,0.4,technology-constrained,1.43969549591919,0.7830946690977049,0.2494577012916156,4.716369215160871,1.6654839081188082,1.7945196182936005,-0.12903571017479232,-0.12903571000588698,-1.346862879197941,-0.8688935642320316
16.404074745660395,0.4,1.0,0.7758188790630436,40.2385760177692,31.217846941199813,0.9765366986835798,0.6018949331106577,0.302440604864197,0.4,0.4,technology-constrained,1.4647328961363835,0.7661925005682131,0.24852133473964957,4.716369215160871,1.6937936664220885,1.7907222482436838,-0.09692858182159525,-0.0969285830709765,-1.3456895649521794,-0.8672704401857522
16.75267485630984,0.4,1.0,0.7765915074468093,40.60067394187265,31.53013857987333,0.9619142155112322,0.6030943694384705,0.302440604864197,0.4,0.4,technology-constrained,1.4897738740803197,0.7494658128862258,0.24758719020425293,4.716369215160871,1.7220785892822952,1.7869190410198006,-0.06484045173750541,-0.06484045191879062,-1.344500776390145,-0.8656422087804926
17.10868300667069,0.4,1.0,0.7773626816556987,40.96497567867316,31.8446433475341,0.9474801960702883,0.6042927388309439,0.302440604864197,0.4,0.4,technology-constrained,1.5148184276118757,0.732912676989824,0.24665527156684003,4.716369215160871,1.750338351837558,1.7831100606788235,-0.03277170884126557,-0.03277170792514994,-1.3432965641491101,-0.8640089097733393
17.472256623693458,0.4,1.0,0.7781323971904406,41.33148281081412,32.16136579901347,0.9332327526942124,0.6054900275573263,0.302440604864197,0.4,0.4,technology-constrained,1.539866554548285,0.7165311745222596,0.24572558263902838,4.716369215160871,1.7785726302914022,1.779295371551472,-0.0007227412600698813,-0.0007227399567710789,-1.342076979365947,-0.862370585819061
17.843556479781128,0.4,1.0,0.7789006495906461,41.70019679440995,32.480310371221975,0.9191700077248568,0.6066862219326985,0.302440604864197,0.4,0.4,technology-constrained,1.564918252663789,0.7003193979297171,0.24479812716273905,4.716369215160871,1.8067811019281808,1.7754750382379814,0.03130606369019939,0.031306063963398856,-1.3408420738658666,-0.8607272795280173
18.22274676388276,0.4,1.0,0.7796674344350911,42.07111895841237,32.80148138211835,0.9052900936011651,0.6078813083185869,0.302440604864197,0.4,0.4,technology-constrained,1.5899735196894698,0.6842754505569629,0.24387290881033016,4.716369215160871,1.8349634451274859,1.7716491256038547,0.0633143195236312,0.06331432009787363,-1.3395918997127776,-0.8590790392282165
18.609995154097923,0.4,1.0,0.7804327473418862,42.44425050398895,33.124883029693756,0.8915911529451823,0.6090752731235755,0.302440604864197,0.4,0.4,technology-constrained,1.6150323533132673,0.6683974467402002,0.24294993118473077,4.716369215160871,1.863119339378652,1.7678176987755798,0.09530164060307222,0.09530164188920053,-1.3383265101973851,-0.8574259075522227
19.00547289182405,0.4,1.0,0.7811965839684223,42.819592503910776,33.45051939097516,0.8780713386453317,0.6102681028039358,0.302440604864197,0.4,0.4,technology-constrained,1.6400947511803525,0.6526835118970604,0.24202919781956173,4.716369215160871,1.8912484652955646,1.7639808231362515,0.12726764215931308,0.12726764178072614,-1.3370459594264084,-0.8557679242904291
19.409354857479418,0.4,1.0,0.7819589400117091,43.19714590196933,33.77839442103425,0.8647288139374858,0.6114597838642206,0.302440604864197,0.4,0.4,technology-constrained,1.6651607108928683,0.6371317826143528,0.24111071217928529,4.716369215160871,1.9193505046306512,1.7601385643212688,0.15921194030938235,0.1592119401871983,-1.335750301389993,-0.854105140613015
19.821819647835344,0.4,1.0,0.782719811208263,43.576911512394645,34.108511952019946,0.8515617524831098,0.6126503028578849,0.302440604864197,0.4,0.4,technology-constrained,1.6902302300103877,0.6217404067327262,0.24019447765933316,4.716369215160871,1.9474251402895657,1.7562909882139062,0.19113415207565954,0.1911341528604282,-1.3344395914216545,-0.8524375991192378
20.24304965499174,0.4,1.0,0.7834791933343908,43.958890019303915,34.44087569219764,0.8385683384452385,0.6138396463878757,0.302440604864197,0.4,0.4,technology-constrained,1.715303306049739,0.6065075434291197,0.23928049758625972,4.716369215160871,1.9754720563450594,1.7524381609409485,0.2230338954041109,0.22303389484168432,-1.3331138857097802,-0.8507653396327973
20.67323114703103,0.4,1.0,0.7842370822061888,44.343081976156924,34.775489225008826,0.8257467665616874,0.6150278011072355,0.302440604864197,0.4,0.4,technology-constrained,1.7403799364852826,0.5914313632963102,0.23836877521788422,4.716369215160871,2.0034909380512453,1.7485801488682418,0.2549107891830036,0.25491078894379626,-1.3317732402706728,-0.8490884133016684
21.11255435038592,0.4,1.0,0.7849934736796591,44.72948780523243,35.11235600814351,0.8130952422158817,0.6162147537196954,0.302440604864197,0.4,0.4,technology-constrained,1.7654601187490044,0.5765100484199905,0.23745931374344179,4.716369215160871,2.0314814718575476,1.7447170185962428,0.28676445326130473,0.28676445373854165,-1.3304177124529026,-0.8474068627695174
21.561213533957613,0.4,1.0,0.7857483636509899,45.11810779712771,35.4514793726243,0.8006119815053303,0.6174004909802471,0.302440604864197,0.4,0.4,technology-constrained,1.7905438502303315,0.561741792453416,0.2365521162837495,4.716369215160871,2.0594433454222205,1.7408488369555954,0.31859450846662507,0.31859450859705873,-1.3290473602600716,-0.8457207306467039
22.019407095021588,0.4,1.0,0.7865017480563894,45.50894211025947,35.792862521915545,0.7882952113072712,0.6185849996957465,0.302440604864197,0.4,0.4,technology-constrained,1.8156311282766704,0.5471248006890517,0.2356471858913495,4.716369215160871,2.0873762476265787,1.7369756710025746,0.35040057662400415,0.3504005772869689,-1.3276622419178263,-0.8440300652501341
22.48733764695901,0.4,1.0,0.7872536228722522,45.901990770393695,36.13650853104115,0.7761431693421359,0.6197682667254869,0.302440604864197,0.4,0.4,technology-constrained,1.84072195019341,0.5326572901279808,0.23474452555067468,4.716369215160871,2.1152798685884897,1.7330975880145876,0.38218228057390213,0.38218227935704613,-1.3262624169618764,-0.8423349064146101
22.9652121088524,0.4,1.0,0.7880039841153901,46.29725367019578,36.48242034571707,0.7641541042346292,0.6209502789817607,0.302440604864197,0.4,0.4,technology-constrained,1.8658163132438164,0.5183374895468302,0.23384413817822258,4.716369215160871,2.143153899675654,1.7292146554856755,0.4139392441899783,0.4139392439928002,-1.3248479445004957,-0.8406353080747663
23.45324179698533,0.4,1.0,0.7887528278430862,46.69473056879148,36.83060078150326,0.7523262755722329,0.622131023430431,0.302440604864197,0.4,0.4,technology-constrained,1.8909142146492082,0.5041636395619882,0.23294602662272232,4.716369215160871,2.170998033519059,1.7253269411219554,0.4456710923971037,0.44567109285242873,-1.3234188853405993,-0.8389313100765071
23.951642518286604,0.4,1.0,0.7895001501529266,47.09442109133796,37.181052522977694,0.7406579539611573,0.6233104870915142,0.302440604864197,0.4,0.4,technology-constrained,1.916015651589484,0.4901339926911206,0.23205019366529228,4.716369215160871,2.1988119640267234,1.7214345128369826,0.47737745118974084,0.4773774517019546,-1.321975300522249,-0.8372229578501588
24.460634665760164,0.4,1.0,0.7902459471833669,47.49632472863916,37.5337781229101,0.7291474210804357,0.6244886570397014,0.302440604864197,0.4,0.4,technology-constrained,1.9411206212024816,0.47624681341283387,0.23115664201964412,4.716369215160871,2.226595386396014,1.7175374387472828,0.5090579476487311,0.5090579477950996,-1.3205172516683739,-0.8355102969148652
24.980443315942978,0.4,1.0,0.7909902151132793,47.90044083674204,37.88878000147557,0.7177929697329034,0.625665520404953,0.302440604864197,0.4,0.4,technology-constrained,1.9662291205849503,0.46250037822295165,0.2302653743322306,4.716369215160871,2.25434799712763,1.7136357871676104,0.5407122099600195,0.5407122107170537,-1.3190448009070543,-0.8337933755431236
25.511298328433924,0.4,1.0,0.7917329501625188,48.30676863658832,38.246060445462106,0.706592903894561,0.6268410643730093,0.302440604864197,0.4,0.4,technology-constrained,1.9913411467919029,0.4488929756892182,0.22937639318245726,4.716369215160871,2.282069494037677,1.7097296266064488,0.5723398674312281,0.5723398680768099,-1.3175580112823049,-0.832072236411907
26.05343444753784,0.4,1.0,0.7924741485915852,48.71530721365096,38.60562160751603,0.6955455387609494,0.6280152761859655,0.302440604864197,0.4,0.4,technology-constrained,2.0164566968374036,0.43542290650275767,0.22848970108284367,4.716369215160871,2.3097595762712015,1.7058190257612649,0.6039405505099367,0.6039405516578,-1.3160569461545535,-0.8303469278048147
26.607091406069575,0.4,1.0,0.7932138067020742,49.12605551761845,38.967465505386656,0.6846492007917635,0.6291881431427808,0.302440604864197,0.4,0.4,technology-constrained,2.0415757676941038,0.422088483527777,0.22760530047923477,4.716369215160871,2.337417944314214,1.7019040535139478,0.635513890800266,0.6355138912006453,-1.3145416698112644,-0.8286174923655131
27.17251403136391,0.4,1.0,0.7939519208363968,49.53901236206975,39.33159402120533,0.6739022277526553,0.630359652599837,0.302440604864197,0.4,0.4,technology-constrained,2.0666983562939256,0.4088880318482269,0.22672319375097372,4.716369215160871,2.365044300006863,1.6979847789260532,0.6670595210808099,0.6670595224411713,-1.3130122465621064,-0.8268839812641814
27.749952353538283,0.4,1.0,0.7946884873781743,49.95417642419372,39.698008900766965,0.6633029687552222,0.6315297919714425,0.302440604864197,0.4,0.4,technology-constrained,2.0918244595276816,0.39581988881263125,0.2258433832111151,4.716369215160871,2.392638346555305,1.694061271234196,0.6985770753211091,0.6985770758083375,-1.3114687421489357,-0.8251464342579061
28.339661716056224,0.4,1.0,0.7954235027520695,50.3715462445052,40.06671175284217,0.6528497842943435,0.6326985487303713,0.302440604864197,0.4,0.4,technology-constrained,2.1169540742455837,0.38288240407605817,0.22496587110661168,4.716369215160871,2.420199788544419,1.6901335998452962,0.7300661886991227,0.7300661876152857,-1.3099112222303422,-0.8234048996969
28.941902888640392,0.4,1.0,0.7961569634238996,50.79112022659065,40.43770404850132,0.6425410462834676,0.6338659104083756,0.302440604864197,0.4,0.4,technology-constrained,2.1420871972573003,0.37007393963996194,0.22409065961851868,4.716369215160871,2.447728331949905,1.6862018343318785,0.7615264976180265,0.7615264987936853,-1.3083397527091645,-0.8216594315935132
29.556942182585004,0.4,1.0,0.7968888659008069,51.21289663687507,40.81098712045557,0.6323751380877146,0.6350318645966889,0.302440604864197,0.4,0.4,technology-constrained,2.1672238253319254,0.35739286988972535,0.22321775086220552,4.716369215160871,2.4752236841501514,1.6822660444273776,0.7929576397227738,0.7929576399501314,-1.3067544014422339,-0.8199100639982858
30.185051568518777,0.4,1.0,0.7976192067312027,51.63687360439854,41.18656216242158,0.6223504545546255,0.6361963989465415,0.302440604864197,0.4,0.4,technology-constrained,2.192363955198293,0.3448375816296899,0.22234714688755702,4.716369215160871,2.50268555393836,1.6783263000213708,0.8243592539169893,0.8243592543921706,-1.3051552354426121,-0.818156850967977
30.826508796670478,0.4,1.0,0.7983479825048789,52.06304912061826,41.564430228500875,0.6124654020428354,0.6373595011696546,0.302440604864197,0.4,0.4,technology-constrained,2.2175075835450393,0.33240647411601065,0.22147884967918877,4.716369215160871,2.5301136515342377,1.674382671154849,0.8557309803793887,0.8557309801648926,-1.3035423230833842,-0.8163998351018441
31.48159751969023,0.4,1.0,0.7990751898530679,52.49142103922786,41.944592232579595,0.6027183984485578,0.6385211590387359,0.302440604864197,0.4,0.4,technology-constrained,2.242654707020729,0.3200979590871845,0.22061286115666115,4.716369215160871,2.5575076885956656,1.6704352280154604,0.8870724605802052,0.8870724613974089,-1.3019157327154307,-0.8146390675700664
32.15060741808079,0.4,1.0,0.7998008254484399,52.921987075992675,42.327048947748445,0.5931078732298878,0.6396813603879731,0.302440604864197,0.4,0.4,technology-constrained,2.2678053222340937,0.3079104607922625,0.21974918317469325,4.716369215160871,2.5848673782303138,1.6664840409327248,0.9183833372975889,0.9183833370229876,-1.3002755340218997,-0.8128745881630371
32.83383432829435,0.4,1.0,0.8005248860051042,53.3547448086043,42.711801005741606,0.5836322674289919,0.6408400931135184,0.302440604864197,0.4,0.4,technology-constrained,2.2929594257542405,0.2958424160168196,0.21888781752338238,4.716369215160871,2.6121924350071217,1.6625291803732578,0.9496632546338639,0.949663255256361,-1.2986217962585034,-0.8111064508820042
33.53158037355159,0.4,1.0,0.8012473682789503,53.78969167656878,43.09884889638715,0.5742900336924021,0.6419973451739477,0.302440604864197,0.4,0.4,technology-constrained,2.3181170141103467,0.2838922741069522,0.2180287659284411,4.716369215160871,2.639482574967071,1.6585707169360497,0.9809118580310212,0.9809118594494847,-1.2969545899632617,-0.8093346983706339
34.244154097440706,0.4,1.0,0.8019682690672489,54.22682498108266,43.48819296709443,0.5650796362888001,0.6431531045907625,0.302440604864197,0.4,0.4,technology-constrained,2.343278083792499,0.2720584969905165,0.21717203005140076,4.716369215160871,2.666737515635064,1.6546087213475684,1.0121287942874955,1.012128793997924,-1.2952739862626128,-0.807559373239286
34.97187060035548,0.4,1.0,0.8026875852091084,54.666141884964276,43.87983342234038,0.555999551125249,0.6443073594488284,0.302440604864197,0.4,0.4,technology-constrained,2.3684426312511953,0.26033955919682045,0.2163176114898614,4.716369215160871,2.693956976030221,1.65064326445706,1.043313711573161,1.0433137112020319,-1.2935800559443766,-0.8057805294892083
35.71505167883278,0.4,1.0,0.8034053135851327,55.107639412570464,44.27377032319502,0.54704826576094,0.6454600978968609,0.302440604864197,0.4,0.4,technology-constrained,2.393610652898089,0.2487339478735689,0.21546551177770468,4.716369215160871,2.7211406766773822,1.646674417231653,1.0744662594457293,1.0744662598982657,-1.2918728709676586,-0.8039982126173405
36.474025967851134,0.4,1.0,0.8041214511178187,55.55131444976427,44.67000358684869,0.53822427941935,0.6466113081478554,0.302440604864197,0.4,0.4,technology-constrained,2.418782145105582,0.23724016280220583,0.214615732385346,4.716369215160871,2.7482883396172233,1.6427022507516347,1.1055860888655886,1.1055860886566293,-1.2901525039688,-0.8022124652673489
37.24912908615331,0.4,1.0,0.8048359947713302,55.99716374387491,45.06853298617449,0.5295261029980655,0.6477609784795547,0.302440604864197,0.4,0.4,technology-constrained,2.4439571042073815,0.22585671641068666,0.21376827471995863,4.716369215160871,2.7753996884172754,1.6387268362055687,1.1366728522117067,1.1366728522643754,-1.2884190275008756,-0.8004233385427993
38.040703784657026,0.4,1.0,0.8055489415516104,56.44518390369181,45.469358149302586,0.5209522590768412,0.6489090972348863,0.302440604864197,0.4,0.4,technology-constrained,2.469135526498535,0.2145821337844055,0.21292314012571728,4.716369215160871,2.8024744481822506,1.6347482448854953,1.1677262032967552,1.1677262038434222,-1.286672515032894,-0.7986308779628358
38.8491000980195,0.4,1.0,0.8062602885063828,56.8953713994731,45.872478559217356,0.5125012819236617,0.650055652822401,0.302440604864197,0.4,0.4,technology-constrained,2.4943174082356228,0.20341495267497073,0.21208032988403955,4.716369215160871,2.8295123455643747,1.6307665481820999,1.1987457973822748,1.198745797825751,-1.2849130404612996,-0.7968351289910912
39.674675499422946,0.4,1.0,0.8069700327253213,57.34772256298114,46.27789355337069,0.5041717174989772,0.6512006337166942,0.302440604864197,0.4,0.4,technology-constrained,2.519502745636699,0.19235372350704644,0.21123984521383804,4.716369215160871,2.8565131087733353,1.6267818175799196,1.2297312911934157,1.2297312916853542,-1.283140678010053,-0.7950361399444715
40.517795058649426,0.4,1.0,0.8076781713398224,57.802233587519254,46.685602323325504,0.49596212345784485,0.6523440284588492,0.302440604864197,0.4,0.4,technology-constrained,2.5446915348818457,0.18139700938289627,0.2104016872717551,4.716369215160871,2.8834764675867164,1.6227941246524509,1.2606823429342655,1.2606823428962244,-1.281355502569248,-0.7932339562977119
41.3788316035148,0.4,1.0,0.8083847015232342,58.25890052800895,47.09560391440868,0.4878710691504509,0.6534858256568413,0.302440604864197,0.4,0.4,technology-constrained,2.5698837721130037,0.17054338608524316,0.2095658571524235,4.716369215160871,2.910402153359552,1.6188035410573682,1.2915986123021839,1.291598611730116,-1.279557589323188,-0.7914286263788205
42.258165884733316,0.4,1.0,0.8090896204907967,58.71771930107276,47.50789722539122,0.47989713562063624,0.6546260139859569,0.302440604864197,0.4,0.4,technology-constrained,2.5950794534342636,0.1597914420779507,0.20873235588871528,4.716369215160871,2.937289899034185,1.6148101385316698,1.3224797605025154,1.3224797603461624,-1.2777470138558567,-0.789620198482499
43.156186744285755,0.4,1.0,0.8097929254995879,59.17868568513742,47.9224810081898,0.47203891560262334,0.6557645821892056,0.302440604864197,0.4,0.4,technology-constrained,2.6202785749121382,0.14913977850476057,0.20790118445199252,4.716369215160871,2.96413943915,1.6108139888868258,1.3533254502631744,1.3533254504372039,-1.2759238524728822,-0.7878087180945846
44.07329128736556,0.4,1.0,0.810494613848693,59.64179532056598,48.33935386758257,0.46429501351605273,0.6569015190777101,0.302440604864197,0.4,0.4,technology-constrained,2.645481132575485,0.13858700918624428,0.2070723437523738,4.716369215160871,2.990950509852618,1.6068151640039843,1.3841353458486338,1.3841353454946412,-1.274088181901778,-0.7859942306898126
45.009885057978885,0.4,1.0,0.8111946828789767,60.107043709791355,48.758514260956616,0.45666404545907446,0.6580368135311184,0.302440604864197,0.4,0.4,technology-constrained,2.670687122416049,0.12813176061459586,0.20624583463898072,4.716369215160871,3.01772284890361,1.602813735829074,1.4149091130745362,1.414909113583995,-1.2722400788811594,-0.7841767874272597
45.96638221827628,0.4,1.0,0.811893129973368,60.57442621749302,49.17996049806282,0.4491446391999389,0.6591704544979733,0.302440604864197,0.4,0.4,technology-constrained,2.695896540388195,0.11777267194687474,0.20542165790021488,4.716369215160871,3.0444561956892064,1.5988097763680433,1.4456464193211631,1.4456464197509786,-1.2703796212265583,-0.7823564309505925
46.94320573169537,0.4,1.0,0.8125899525566895,61.04393807077158,49.60369074080358,0.44173543416665995,0.660302430996107,0.302440604864197,0.4,0.4,technology-constrained,2.7211093824093604,0.10750839499609888,0.20459981426401316,4.716369215160871,3.071150291229622,1.5948033576819851,1.476346933547637,1.4763469336376287,-1.2685068867424043,-0.7805332095434102
47.94078754999558,0.4,1.0,0.8132851480956573,61.51557435935053,50.0297030030371,0.4344350814350707,0.6614327321130187,0.302440604864197,0.4,0.4,technology-constrained,2.746325644360228,0.09733759422061972,0.20378030439811412,4.716369215160871,3.0978048781879415,1.5907945518823057,1.5070103263056358,1.5070103250636178,-1.2666219538715051,-0.7787071687137547
48.95956880426725,0.4,1.0,0.8139787140989949,61.989330035803135,50.45799515039995,0.4272422437152694,0.6625613470062365,0.302440604864197,0.4,0.4,technology-constrained,2.7715453220847257,0.08725894671176299,0.20296312891033294,4.716369215160871,3.1244197008786663,1.5867834311259312,1.537636269752735,1.5376362696439825,-1.2647249008956862,-0.7768783624628738
50.0,0.4,1.0,0.8146706481172061,62.465199915781476,50.88856490015973,0.42015559533627667,0.663688264903698,0.302440604864197,0.4,0.4,technology-constrained,2.7967684113905475,0.07727114217947939,0.2021482883488207,4.716369215160871,3.150994505276675,1.5827700676104264,1.5682244376662486,1.5682244375758712,-1.2628158074345919,-0.7750468305589563
